<?xml version="1.0" encoding="UTF-8"?>
<!DOCTYPE mapper
  PUBLIC "-//mybatis.org//DTD Config 3.0//EN"
  "http://mybatis.org/dtd/mybatis-3-mapper.dtd">
  
<mapper namespace="com.springboot.fiveteam.domain.user.UserRepository">
	<select id="usernameCheck" parameterType="com.springboot.fiveteam.domain.user.User" resultType="Integer">
		select
			count(user_id)
		from
			table_user
		where
			user_id = #{user_id};
	</select>
	
	<insert id="signup" parameterType="com.springboot.fiveteam.domain.user.User">
		insert into
			table_user
		values(
			0,
			#{user_id},
			#{user_password},
			#{user_name},
			#{user_zipcode},
			#{user_address1},
			#{user_address2},
			#{user_tel},
			#{user_email},
			#{user_role},
			#{provider},
			now(),
			now()
		);
	</insert>
	
	<select id="getUser" resultType="com.springboot.fiveteam.domain.user.User">
		select
			*
		from
			table_user
		where
			user_id = #{user_id};
	</select>
	
	<update id="myAccountUpdate" parameterType="com.springboot.fiveteam.domain.user.User">
		update
			table_user 
		set
			user_name = #{user_name},
			user_zipcode = #{user_zipcode},
			user_address1 = #{user_address1},
			user_address2 = #{user_address2},
			user_tel = #{user_tel},
			update_date = now()
		where
			user_id = #{user_id}
	</update>
	
	<delete id="myAccountDelete">
		delete from table_user where user_id = #{user_id};
	</delete>
</mapper>